id,station_id,reading_id,reading_timestamp,detected_at,anomaly_score,fault_type,status,temporal_evidence,physical_consistency,spatial_evidence
104,AWS-003,280,2026-09-28 13:34:32.619603,2026-09-28 13:34:49.873816,0.0,,resolved,"{""details"": 1.3941532212477714}","{""details"": 23.059515407063785}","{""details"": 6.899999999999999}"
105,AWS-004,281,2026-09-28 13:34:32.619603,2026-09-28 13:34:51.265226,0.0,,resolved,"{""details"": 0.7183602901203714}","{""details"": 25.81850341327545}","{""details"": 2.5}"
106,AWS-005,282,2026-09-28 13:34:32.619603,2026-09-28 13:34:52.844700,0.0,,resolved,"{""details"": 2.6420455547530435}","{""details"": 20.054234922008128}","{""details"": 14.299999999999997}"
107,AWS-003,339,2026-09-28 14:40:51.737525,2026-09-28 14:41:02.163279,8.8,,critical,"{""details"": 2.466225663362379}","{""details"": 23.273225767806554}","{""details"": 7.299999999999997}"
108,AWS-004,340,2026-09-28 14:40:51.737525,2026-09-28 14:41:03.507927,6.5,,critical,"{""details"": 0.23339414142290985}","{""details"": 25.73106098794873}","{""details"": 3.5}"
109,AWS-005,341,2026-09-28 14:40:51.737525,2026-09-28 14:41:04.858090,8.8,,critical,"{""details"": 1.9200900880189606}","{""details"": 20.63964761811526}","{""details"": 16.5}"
111,AWS-003,343,2026-09-28 14:41:55.731142,2026-09-28 14:42:06.238882,8.5,,critical,"{""details"": 0.12477417469596588}","{""details"": 23.273225767806554}","{""details"": 0.09999999999999432}"
112,AWS-004,344,2026-09-28 14:41:55.731142,2026-09-28 14:42:07.611580,8.5,,critical,"{""details"": 0.12902916425094907}","{""details"": 25.73106098794873}","{""details"": 0.09999999999999432}"
113,AWS-005,345,2026-09-28 14:41:55.731142,2026-09-28 14:42:08.983476,8.5,,critical,"{""details"": 0.1338450816919885}","{""details"": 20.63964761811526}","{""details"": 0.09999999999999432}"
115,AWS-002,349,2026-09-28 15:00:00.000000,2026-09-28 14:47:48.825376,0.0,,resolved,"{""details"": 0.0832077115435495}","{""details"": 23.254007094638023}","{""details"": 0.09999999999999432}"
120,AWS-002,354,2026-09-28 15:00:00.000000,2026-09-28 14:48:48.210469,0.0,,resolved,"{""details"": 0.0855919865613415}","{""details"": 23.254007094638023}","{""details"": 0.09999999999999432}"
121,AWS-002,355,2026-09-28 15:00:00.000000,2026-09-28 14:48:52.698033,0.0,,resolved,"{""details"": 0.0855919865613415}","{""details"": 23.254007094638023}","{""details"": 0.09999999999999432}"
122,AWS-002,356,2026-09-28 15:15:00.000000,2026-09-28 14:48:57.210774,0.0,,resolved,"{""details"": 0.08735988754275946}","{""details"": 23.247425834761778}","{""details"": 0.09999999999999432}"
123,AWS-002,357,2026-09-28 15:30:00.000000,2026-09-28 14:49:01.716551,0.0,,resolved,"{""details"": 0.08385139881351607}","{""details"": 23.12140256130325}","{""details"": 0.10000000000000142}"
124,AWS-002,358,2026-09-28 15:45:00.000000,2026-09-28 14:49:06.240300,0.0,,resolved,"{""details"": 0.08743279944040969}","{""details"": 23.358396233042253}","{""details"": 0.09999999999999432}"
