id,station_id,timestamp,temperature,humidity,pressure,source
76,AWS-002,2026-09-27 19:06:14.136563,23.4,83.0,983.5,weather_api
79,AWS-002,2026-09-27 19:11:14.140897,23.4,83.0,983.5,weather_api
85,AWS-002,2026-09-27 19:21:14.133978,23.2,83.0,983.4,weather_api
99,AWS-002,2026-09-28 05:44:39.391383,30.1,60.0,962.2,weather_api
107,AWS-002,2026-09-28 05:54:39.388630,30.4,58.0,962.2,weather_api
111,AWS-002,2026-09-28 05:59:39.393893,30.4,58.0,962.2,weather_api
119,AWS-002,2026-09-28 06:09:39.388413,30.7,57.0,962.1,weather_api
123,AWS-002,2026-09-28 06:14:39.386252,30.7,57.0,962.1,weather_api
347,AWS-002,2026-09-28 14:45:27.634904,25.4,81.0,962.6,weather_api
366,AWS-002,2026-09-28 14:50:27.644311,25.4,81.0,962.6,weather_api
368,AWS-002,2026-09-28 14:55:27.643830,25.4,81.0,962.6,weather_api
349,AWS-002,2026-09-28 15:00:00.000000,27.0,80.0,1010.0,physical_sensor
354,AWS-002,2026-09-28 15:00:00.000000,27.0,80.0,1010.0,physical_sensor
355,AWS-002,2026-09-28 15:00:00.000000,27.0,80.0,1010.0,physical_sensor
372,AWS-002,2026-09-28 15:05:27.633672,25.3,81.0,962.7,weather_api
374,AWS-002,2026-09-28 15:10:27.632230,25.3,81.0,962.7,weather_api
356,AWS-002,2026-09-28 15:15:00.000000,27.1,79.5,1010.2,physical_sensor
357,AWS-002,2026-09-28 15:30:00.000000,26.8,80.3,1009.9,physical_sensor
358,AWS-002,2026-09-28 15:45:00.000000,27.15,79.8,1010.1,physical_sensor
38,AWS-003,2026-09-27 18:24:54.267305,22.0,94.0,983.6,weather_api
48,AWS-003,2026-09-27 18:34:54.261629,22.0,95.0,983.6,weather_api
53,AWS-003,2026-09-27 18:41:11.547648,22.0,95.0,983.6,weather_api
77,AWS-003,2026-09-27 19:06:14.136563,24.9,81.0,983.6,weather_api
80,AWS-003,2026-09-27 19:11:14.140897,24.9,81.0,983.6,weather_api
86,AWS-003,2026-09-27 19:21:14.133978,24.8,81.0,983.6,weather_api
100,AWS-003,2026-09-28 05:44:39.391383,30.8,62.0,1011.4,weather_api
108,AWS-003,2026-09-28 05:54:39.388630,30.9,62.0,1011.4,weather_api
112,AWS-003,2026-09-28 05:59:39.393893,30.9,62.0,1011.4,weather_api
120,AWS-003,2026-09-28 06:09:39.388413,31.1,62.0,1011.3,weather_api
124,AWS-003,2026-09-28 06:14:39.386252,31.1,62.0,1011.3,weather_api
214,AWS-003,2026-09-28 09:21:04.449502,30.8,63.0,1008.7,weather_api
218,AWS-003,2026-09-28 09:26:04.452275,30.8,63.0,1008.7,weather_api
226,AWS-003,2026-09-28 09:36:04.450783,30.7,64.0,1008.7,weather_api
237,AWS-003,2026-09-28 12:40:27.632044,27.1,77.0,1009.1,weather_api
245,AWS-003,2026-09-28 12:50:27.642519,27.0,78.0,1009.2,weather_api
249,AWS-003,2026-09-28 12:55:27.637462,27.0,78.0,1009.2,weather_api
257,AWS-003,2026-09-28 13:05:27.632789,26.9,79.0,1009.3,weather_api
261,AWS-003,2026-09-28 13:10:27.634179,26.9,79.0,1009.3,weather_api
268,AWS-003,2026-09-28 13:20:27.643563,26.8,79.0,1009.5,weather_api
271,AWS-003,2026-09-28 13:25:27.632728,26.8,79.0,1009.5,weather_api
280,AWS-003,2026-09-28 13:34:32.619603,26.8,80.0,1009.7,physical_sensor
284,AWS-003,2026-09-28 13:35:27.639119,26.8,80.0,1009.7,weather_api
288,AWS-003,2026-09-28 13:40:27.637960,26.8,80.0,1009.7,weather_api
296,AWS-003,2026-09-28 13:50:27.632504,26.8,80.0,1010.0,weather_api
300,AWS-003,2026-09-28 13:55:27.637851,26.8,80.0,1010.0,weather_api
308,AWS-003,2026-09-28 14:05:27.633671,26.7,81.0,1010.2,weather_api
312,AWS-003,2026-09-28 14:10:27.640132,26.7,81.0,1010.2,weather_api
320,AWS-003,2026-09-28 14:20:27.645257,26.7,82.0,1010.4,weather_api
324,AWS-003,2026-09-28 14:25:27.639907,26.7,82.0,1010.4,weather_api
332,AWS-003,2026-09-28 14:35:27.633726,26.6,82.0,1010.7,weather_api
336,AWS-003,2026-09-28 14:40:27.639713,26.6,82.0,1010.7,weather_api
339,AWS-003,2026-09-28 14:40:51.737525,26.6,82.0,1010.7,physical_sensor
343,AWS-003,2026-09-28 14:41:55.731142,26.6,82.0,1010.7,physical_sensor
39,AWS-004,2026-09-27 18:24:54.267305,22.0,94.0,983.6,weather_api
49,AWS-004,2026-09-27 18:34:54.261629,22.0,95.0,983.6,weather_api
54,AWS-004,2026-09-27 18:41:11.547648,22.0,95.0,983.6,weather_api
78,AWS-004,2026-09-27 19:06:14.136563,22.4,95.0,981.5,weather_api
81,AWS-004,2026-09-27 19:11:14.140897,22.4,95.0,981.5,weather_api
87,AWS-004,2026-09-27 19:21:14.133978,22.3,95.0,981.4,weather_api
101,AWS-004,2026-09-28 05:44:39.391383,31.4,66.0,1007.1,weather_api
109,AWS-004,2026-09-28 05:54:39.388630,31.5,65.0,1006.8,weather_api
113,AWS-004,2026-09-28 05:59:39.393893,31.5,65.0,1006.8,weather_api
121,AWS-004,2026-09-28 06:09:39.388413,31.6,65.0,1006.6,weather_api
125,AWS-004,2026-09-28 06:14:39.386252,31.6,65.0,1006.6,weather_api
215,AWS-004,2026-09-28 09:21:04.449502,32.1,63.0,1004.0,weather_api
219,AWS-004,2026-09-28 09:26:04.452275,32.1,63.0,1004.0,weather_api
227,AWS-004,2026-09-28 09:36:04.450783,32.0,63.0,1004.0,weather_api
238,AWS-004,2026-09-28 12:40:27.632044,29.4,80.0,1005.2,weather_api
246,AWS-004,2026-09-28 12:50:27.642519,29.3,81.0,1005.4,weather_api
250,AWS-004,2026-09-28 12:55:27.637462,29.3,81.0,1005.4,weather_api
258,AWS-004,2026-09-28 13:05:27.632789,29.2,82.0,1005.7,weather_api
262,AWS-004,2026-09-28 13:10:27.634179,29.2,82.0,1005.7,weather_api
269,AWS-004,2026-09-28 13:20:27.643563,29.1,82.0,1006.0,weather_api
272,AWS-004,2026-09-28 13:25:27.632728,29.1,82.0,1006.0,weather_api
281,AWS-004,2026-09-28 13:34:32.619603,29.0,83.0,1006.3,physical_sensor
285,AWS-004,2026-09-28 13:35:27.639119,29.0,83.0,1006.3,weather_api
289,AWS-004,2026-09-28 13:40:27.637960,29.0,83.0,1006.3,weather_api
297,AWS-004,2026-09-28 13:50:27.632504,28.9,83.0,1006.6,weather_api
301,AWS-004,2026-09-28 13:55:27.637851,28.9,83.0,1006.6,weather_api
309,AWS-004,2026-09-28 14:05:27.633671,28.7,84.0,1006.8,weather_api
313,AWS-004,2026-09-28 14:10:27.640132,28.7,84.0,1006.8,weather_api
321,AWS-004,2026-09-28 14:20:27.645257,28.6,85.0,1007.0,weather_api
325,AWS-004,2026-09-28 14:25:27.639907,28.6,85.0,1007.0,weather_api
333,AWS-004,2026-09-28 14:35:27.633726,28.5,85.0,1007.2,weather_api
337,AWS-004,2026-09-28 14:40:27.639713,28.5,85.0,1007.2,weather_api
340,AWS-004,2026-09-28 14:40:51.737525,28.5,85.0,1007.2,physical_sensor
344,AWS-004,2026-09-28 14:41:55.731142,28.5,85.0,1007.2,physical_sensor
102,AWS-005,2026-09-28 05:44:39.391383,26.4,64.0,914.7,weather_api
110,AWS-005,2026-09-28 05:54:39.388630,26.5,64.0,914.5,weather_api
114,AWS-005,2026-09-28 05:59:39.393893,26.5,64.0,914.5,weather_api
122,AWS-005,2026-09-28 06:09:39.388413,26.7,64.0,914.4,weather_api
126,AWS-005,2026-09-28 06:14:39.386252,26.7,64.0,914.4,weather_api
194,AWS-005,2026-09-28 07:10:35.335507,26.2,63.0,913.3,weather_api
216,AWS-005,2026-09-28 09:21:04.449502,28.1,58.0,911.7,weather_api
220,AWS-005,2026-09-28 09:26:04.452275,28.1,58.0,911.7,weather_api
228,AWS-005,2026-09-28 09:36:04.450783,28.1,58.0,911.6,weather_api
239,AWS-005,2026-09-28 12:40:27.632044,24.8,74.0,911.7,weather_api
247,AWS-005,2026-09-28 12:50:27.642519,24.4,76.0,911.7,weather_api
251,AWS-005,2026-09-28 12:55:27.637462,24.4,76.0,911.7,weather_api
259,AWS-005,2026-09-28 13:05:27.632789,24.0,79.0,911.9,weather_api
263,AWS-005,2026-09-28 13:10:27.634179,24.0,79.0,911.9,weather_api
270,AWS-005,2026-09-28 13:20:27.643563,23.6,81.0,912.1,weather_api
273,AWS-005,2026-09-28 13:25:27.632728,23.6,81.0,912.1,weather_api
282,AWS-005,2026-09-28 13:34:32.619603,23.1,83.0,912.3,physical_sensor
286,AWS-005,2026-09-28 13:35:27.639119,23.1,83.0,912.3,weather_api
290,AWS-005,2026-09-28 13:40:27.637960,23.1,83.0,912.3,weather_api
298,AWS-005,2026-09-28 13:50:27.632504,22.7,85.0,912.5,weather_api
302,AWS-005,2026-09-28 13:55:27.637851,22.7,85.0,912.5,weather_api
310,AWS-005,2026-09-28 14:05:27.633671,22.4,88.0,912.8,weather_api
314,AWS-005,2026-09-28 14:10:27.640132,22.4,88.0,912.8,weather_api
322,AWS-005,2026-09-28 14:20:27.645257,22.2,90.0,913.1,weather_api
326,AWS-005,2026-09-28 14:25:27.639907,22.2,90.0,913.1,weather_api
334,AWS-005,2026-09-28 14:35:27.633726,22.0,92.0,913.4,weather_api
338,AWS-005,2026-09-28 14:40:27.639713,22.0,92.0,913.4,weather_api
341,AWS-005,2026-09-28 14:40:51.737525,22.0,92.0,913.4,physical_sensor
345,AWS-005,2026-09-28 14:41:55.731142,22.0,92.0,913.4,physical_sensor
