Timestamp,Raw_Timestamp,Temperature_C,Humidity,Pressure_Hpa
2026-09-29 12:00:00,1790663400,28.1,49.64,1009.93
2026-09-29 12:05:00,1790663700,28.07,50.58,1010.26
2026-09-29 12:10:00,1790664000,28.2,50.81,1010.51
2026-09-29 12:15:00,1790664300,28.51,50.22,1010.76
2026-09-29 12:20:00,1790664600,28.46,50.55,1011.15
2026-09-29 12:25:00,1790664900,28.41,50.06,1011.15
2026-09-29 12:30:00,1790665200,28.73,50.45,1011.36
2026-09-29 12:35:00,1790665500,28.88,51.03,1011.27
2026-09-29 12:40:00,1790665800,28.79,50.62,1011.36
2026-09-29 12:45:00,1790666100,28.9,51.1,1011.32
2026-09-29 12:50:00,1790666400,28.8,51.31,1011.35
2026-09-29 12:55:00,1790666700,28.71,51.72,1011.53
2026-09-29 13:00:00,1790667000,28.76,52.67,1011.29
2026-09-29 13:05:00,1790667300,28.38,52.55,1011.91
2026-09-29 13:10:00,1790667600,28.03,52.17,1011.61
2026-09-29 13:15:00,1790667900,27.92,51.72,1011.25
2026-09-29 13:20:00,1790668200,27.72,51.32,1011.59
2026-09-29 13:25:00,1790668500,27.78,51.28,1011.83
2026-09-29 13:30:00,1790668800,27.6,51.45,1012.02
2026-09-29 13:35:00,1790669100,27.31,51.59,1012.21
2026-09-29 13:40:00,1790669400,27.61,52.0,1012.2
2026-09-29 13:45:00,1790669700,27.56,52.01,1011.94
2026-09-29 13:50:00,1790670000,27.58,52.73,1011.96
2026-09-29 13:55:00,1790670300,27.29,52.6,1011.75
2026-09-29 14:00:00,1790670600,27.18,53.96,1012.05
2026-09-29 14:05:00,1790670900,27.2,54.27,1012.0
2026-09-29 14:10:00,1790671200,26.97,53.84,1011.76
2026-09-29 14:15:00,1790671500,27.05,53.31,1011.66
2026-09-29 14:20:00,1790671800,26.93,53.55,1011.78
2026-09-29 14:25:00,1790672100,26.87,53.44,1011.61
2026-09-29 14:30:00,1790672400,26.75,53.8,1011.37
2026-09-29 14:35:00,1790672700,27.12,54.03,1011.44
2026-09-29 14:40:00,1790673000,27.12,54.0,1011.51
2026-09-29 14:45:00,1790673300,26.91,53.57,1011.36
2026-09-29 14:50:00,1790673600,27.07,52.82,1011.22
2026-09-29 14:55:00,1790673900,26.83,52.59,1011.29
2026-09-29 15:00:00,1790674200,26.87,53.02,1010.86
2026-09-29 15:05:00,1790674500,26.48,53.13,1010.43
2026-09-29 15:10:00,1790674800,26.21,52.5,1010.22
2026-09-29 15:15:00,1790675100,26.25,52.59,1010.15
2026-09-29 15:20:00,1790675400,26.4,52.78,1010.25
2026-09-29 15:25:00,1790675700,26.43,52.34,1010.69
2026-09-29 15:30:00,1790676000,26.41,52.42,1010.95
2026-09-29 15:35:00,1790676300,26.35,52.45,1010.9
2026-09-29 15:40:00,1790676600,26.05,51.88,1010.89
2026-09-29 15:45:00,1790676900,25.91,52.06,1010.59
2026-09-29 15:50:00,1790677200,25.82,52.34,1010.59
2026-09-29 15:55:00,1790677500,26.03,52.88,1010.5
2026-09-29 16:00:00,1790677800,26.1,53.4,1010.6
2026-09-29 16:05:00,1790678100,25.75,52.72,1010.35
2026-09-29 16:10:00,1790678400,25.81,52.25,1010.5
2026-09-29 16:15:00,1790678700,25.73,52.5,1010.96
2026-09-29 16:20:00,1790679000,25.6,52.76,1010.93
2026-09-29 16:25:00,1790679300,25.72,53.02,1011.05
2026-09-29 16:30:00,1790679600,25.93,54.94,1011.26
2026-09-29 16:35:00,1790679900,26.11,55.23,1011.14
2026-09-29 16:40:00,1790680200,25.94,55.8,1011.21
2026-09-29 16:45:00,1790680500,25.88,56.27,1011.21
2026-09-29 16:50:00,1790680800,25.95,56.6,1011.24
2026-09-29 16:55:00,1790681100,26.14,56.44,1011.01
2026-09-29 17:00:00,1790681400,26.05,56.82,1011.02
2026-09-29 17:05:00,1790681700,26.01,56.44,1011.16
2026-09-29 17:10:00,1790682000,25.79,56.32,1011.6
2026-09-29 17:15:00,1790682300,25.55,56.07,1011.89
2026-09-29 17:20:00,1790682600,25.71,56.12,1012.53
2026-09-29 17:25:00,1790682900,25.98,57.27,1012.3
2026-09-29 17:30:00,1790683200,25.97,56.34,1012.57
2026-09-29 17:35:00,1790683500,26.17,56.68,1012.62
2026-09-29 17:40:00,1790683800,26.24,55.88,1013.28
2026-09-29 17:45:00,1790684100,26.11,55.64,1013.03
2026-09-29 17:50:00,1790684400,26.19,56.18,1012.78
2026-09-29 17:55:00,1790684700,26.49,56.22,1012.6
2026-09-29 18:00:00,1790685000,26.49,55.68,1011.97
2026-09-29 18:05:00,1790685300,26.8,55.32,1011.81
2026-09-29 18:10:00,1790685600,26.28,55.66,1011.58
2026-09-29 18:15:00,1790685900,26.44,55.29,1011.63
2026-09-29 18:20:00,1790686200,26.46,55.4,1011.73
2026-09-29 18:25:00,1790686500,26.4,55.43,1012.29
2026-09-29 18:30:00,1790686800,26.42,55.1,1012.58
2026-09-29 18:35:00,1790687100,26.02,56.17,1012.4
2026-09-29 18:40:00,1790687400,25.97,56.49,1012.13
2026-09-29 18:45:00,1790687700,26.05,55.48,1012.28
2026-09-29 18:50:00,1790688000,26.34,55.57,1011.88
2026-09-29 18:55:00,1790688300,26.24,55.24,1012.43
2026-09-29 19:00:00,1790688600,26.08,55.67,1012.79
2026-09-29 19:05:00,1790688900,25.98,55.27,1012.65
2026-09-29 19:10:00,1790689200,26.16,55.21,1012.13
2026-09-29 19:15:00,1790689500,26.22,55.46,1012.54
2026-09-29 19:20:00,1790689800,26.12,55.9,1012.51
2026-09-29 19:25:00,1790690100,26.22,55.3,1012.88
2026-09-29 19:30:00,1790690400,26.24,55.13,1012.4
2026-09-29 19:35:00,1790690700,26.43,54.89,1012.22
2026-09-29 19:40:00,1790691000,26.29,54.57,1012.22
2026-09-29 19:45:00,1790691300,26.23,55.45,1012.23
2026-09-29 19:50:00,1790691600,26.15,55.65,1012.1
2026-09-29 19:55:00,1790691900,25.86,55.02,1012.29
2026-09-29 20:00:00,1790692200,25.92,55.48,1011.97
2026-09-29 20:05:00,1790692500,25.97,56.54,1011.92
2026-09-29 20:10:00,1790692800,25.97,57.06,1011.96
2026-09-29 20:15:00,1790693100,25.92,56.3,1012.11
2026-09-29 20:20:00,1790693400,25.64,56.05,1012.33
2026-09-29 20:25:00,1790693700,25.56,56.69,1011.99
2026-09-29 20:30:00,1790694000,25.49,56.33,1011.53
2026-09-29 20:35:00,1790694300,25.33,56.56,1011.91
2026-09-29 20:40:00,1790694600,25.29,56.94,1012.01
2026-09-29 20:45:00,1790694900,25.38,56.48,1011.79
2026-09-29 20:50:00,1790695200,25.75,56.45,1012.25
2026-09-29 20:55:00,1790695500,25.79,54.83,1012.29
2026-09-29 21:00:00,1790695800,25.84,54.32,1012.64
2026-09-29 21:05:00,1790696100,25.82,54.19,1012.66
2026-09-29 21:10:00,1790696400,25.44,53.57,1013.28
2026-09-29 21:15:00,1790696700,25.44,54.38,1013.81
2026-09-29 21:20:00,1790697000,25.45,53.67,1013.73
2026-09-29 21:25:00,1790697300,25.94,53.45,1014.02
2026-09-29 21:30:00,1790697600,25.9,53.51,1014.22
2026-09-29 21:35:00,1790697900,25.96,54.23,1014.63
2026-09-29 21:40:00,1790698200,25.95,53.52,1014.34
2026-09-29 21:45:00,1790698500,25.72,54.1,1014.54
2026-09-29 21:50:00,1790698800,25.95,54.1,1014.86
2026-09-29 21:55:00,1790699100,26.1,53.61,1014.33
2026-09-29 22:00:00,1790699400,26.26,53.84,1013.98
2026-09-29 22:05:00,1790699700,26.08,53.94,1013.37
2026-09-29 22:10:00,1790700000,26.36,53.64,1013.29
2026-09-29 22:15:00,1790700300,26.08,53.68,1013.5
2026-09-29 22:20:00,1790700600,26.19,53.48,1013.95
2026-09-29 22:25:00,1790700900,26.63,53.54,1013.97
2026-09-29 22:30:00,1790701200,26.43,53.87,1014.46
2026-09-29 22:35:00,1790701500,26.32,54.67,1014.05
2026-09-29 22:40:00,1790701800,26.34,54.05,1013.54
2026-09-29 22:45:00,1790702100,26.24,55.11,1013.52
2026-09-29 22:50:00,1790702400,25.93,54.14,1013.64
2026-09-29 22:55:00,1790702700,25.94,54.06,1013.63
2026-09-29 23:00:00,1790703000,25.73,54.36,1013.01
2026-09-29 23:05:00,1790703300,25.83,54.5,1012.98
2026-09-29 23:10:00,1790703600,25.64,54.18,1012.59
2026-09-29 23:15:00,1790703900,25.95,54.08,1012.79
2026-09-29 23:20:00,1790704200,25.8,53.83,1012.9
2026-09-29 23:25:00,1790704500,25.73,53.54,1012.62
2026-09-29 23:30:00,1790704800,25.89,53.96,1012.46
2026-09-29 23:35:00,1790705100,25.65,54.14,1012.15
2026-09-29 23:40:00,1790705400,25.69,53.8,1012.13
2026-09-29 23:45:00,1790705700,25.95,54.25,1012.41
2026-09-29 23:50:00,1790706000,25.63,54.4,1012.12
2026-09-29 23:55:00,1790706300,25.67,54.81,1012.27
2026-09-30 00:00:00,1790706600,25.72,55.12,1012.11
2026-09-30 00:05:00,1790706900,25.88,54.71,1011.87
2026-09-30 00:10:00,1790707200,25.63,54.43,1011.84
2026-09-30 00:15:00,1790707500,25.37,54.8,1011.53
2026-09-30 00:20:00,1790707800,25.47,55.11,1011.36
2026-09-30 00:25:00,1790708100,25.53,55.09,1011.0
2026-09-30 00:30:00,1790708400,25.58,55.15,1011.59
2026-09-30 00:35:00,1790708700,25.65,55.79,1011.6
2026-09-30 00:40:00,1790709000,25.51,55.5,1011.39
2026-09-30 00:45:00,1790709300,25.56,55.77,1011.46
2026-09-30 00:50:00,1790709600,25.62,55.67,1011.42
